<?xml version="1.0" encoding="UTF-8"?>
<?xml-model href="http://www.tei-c.org/release/xml/tei/custom/schema/relaxng/tei_all.rng" type="application/xml" schematypens="http://relaxng.org/ns/structure/1.0"?>
<?xml-model href="http://www.tei-c.org/release/xml/tei/custom/schema/relaxng/tei_all.rng" type="application/xml"
	schematypens="http://purl.oclc.org/dsdl/schematron"?>
<TEI xmlns="http://www.tei-c.org/ns/1.0">
   <teiHeader>
      <fileDesc>
         <titleStmt>
            <title>Digital Marco Polo</title>
            <respStmt>
               <resp>Edited by</resp>
               <name xml:id="eugenio">Eugenio Burgio</name>
               <name xml:id="samuela">Samuela Simion</name>
            </respStmt>
            <respStmt>
               <resp>Text Encoding by</resp>
               <name xml:id="elisa">Elisa Cugliana</name>
            </respStmt>
         </titleStmt>
         <publicationStmt>
            <p>Publication Information</p>
         </publicationStmt>
         <sourceDesc>
            <listWit>
               <witness xml:id="F" corresp="#v_F"></witness>
               <witness xml:id="Fr1" corresp="#v_Fr1"></witness>
               <witness xml:id="Fr2" corresp="#v_Fr2"></witness>
               <witness xml:id="K" corresp="#v_K"></witness>
               <witness xml:id="Kc" corresp="#v_Kc"></witness>
               <witness xml:id="L" corresp="#v_L"></witness>
               <witness xml:id="R" corresp="#v_R"></witness>
               <witness xml:id="TA" corresp="#v_TA"></witness>
               <witness xml:id="TB" corresp="#v_TB"></witness>
               <witness xml:id="V" corresp="#v_V"></witness>
               <witness xml:id="VA" corresp="#v_VA"></witness>
               <witness xml:id="VB" corresp="#v_VB"></witness>
               <witness xml:id="Z" corresp="#v_Z"></witness>
               <witness xml:id="P" corresp="#v_P"></witness>
            </listWit>
         </sourceDesc>
      </fileDesc>
      <encodingDesc>
         <variantEncoding method="double-end-point" location="external"/>
      </encodingDesc>
   </teiHeader>
   <text>
      <xi:include xmlns:xi="http://www.w3.org/2001/XInclude" href="intro.xml" xpointer="intro_front">
         <xi:fallback>
            <!--front>
               <p>
                  <emph>FIXME: MISSING XINCLUDE CONTENT</emph>
                  Introduction
               </p>               
            </front-->
         </xi:fallback>
      </xi:include>
      <group>
         <!-- Testo critico tradotto -->
         <text xml:id="tr" type="traduzione">
            <xi:include xmlns:xi="http://www.w3.org/2001/XInclude" href="trad.xml" xpointer="critical_translation_body">
               <xi:fallback>
                  <!--body>
                     <p>
                        <emph>FIXME: MISSING XINCLUDE CONTENT</emph>
                        Critical translation
                     </p>
                  </body-->
               </xi:fallback>
            </xi:include>
         </text>
         <!-- Redazioni -->
         <text xml:id="v_F" type="redazione">
            <xi:include xmlns:xi="http://www.w3.org/2001/XInclude" href="redazioni/F.xml" xpointer="v_F_body">
               <xi:fallback>
                  <!--body>
                     <p>
                        <emph>FIXME: MISSING XINCLUDE CONTENT</emph>
                        Redazione F
                     </p>
                  </body-->
               </xi:fallback>
            </xi:include>
         </text>
         <text xml:id="v_Fr1" type="redazione">
            <xi:include xmlns:xi="http://www.w3.org/2001/XInclude" href="redazioni/Fr1.xml" xpointer="v_Fr1_body">
               <xi:fallback>
                  <!--body>
                     <p>
                        <emph>FIXME: MISSING XINCLUDE CONTENT</emph>
                        Redazione Fr1
                     </p>
                  </body-->
               </xi:fallback>
            </xi:include>
         </text>
         <text xml:id="v_Fr2" type="redazione">
            <xi:include xmlns:xi="http://www.w3.org/2001/XInclude" href="redazioni/Fr2.xml" xpointer="v_Fr2_body">
               <xi:fallback>
                  <!--body>
                     <p>
                        <emph>FIXME: MISSING XINCLUDE CONTENT</emph>
                        Redazione Fr2
                     </p>
                  </body-->
               </xi:fallback>
            </xi:include>
         </text>
         <text xml:id="v_K" type="redazione">
            <xi:include xmlns:xi="http://www.w3.org/2001/XInclude" href="redazioni/K.xml" xpointer="v_K_body">
               <xi:fallback>
                  <!--body>
                     <p>
                        <emph>FIXME: MISSING XINCLUDE CONTENT</emph>
                        Redazione K
                     </p>
                  </body-->
               </xi:fallback>
            </xi:include>
         </text>
         <text xml:id="v_Kc" type="redazione">
            <xi:include xmlns:xi="http://www.w3.org/2001/XInclude" href="redazioni/Kc.xml" xpointer="v_Kc_body">
               <xi:fallback>
                  <!--body>
                     <p>
                        <emph>FIXME: MISSING XINCLUDE CONTENT</emph>
                        Redazione Kc
                     </p>
                  </body-->
               </xi:fallback>
            </xi:include>
         </text>
         <text xml:id="v_L" type="redazione">
            <xi:include xmlns:xi="http://www.w3.org/2001/XInclude" href="redazioni/L.xml" xpointer="v_L_body">
               <xi:fallback>
                  <!--body>
                     <p>
                        <emph>FIXME: MISSING XINCLUDE CONTENT</emph>
                        Redazione L
                     </p>
                  </body-->
               </xi:fallback>
            </xi:include>
         </text>
         <text xml:id="v_P" type="redazione">
            <xi:include xmlns:xi="http://www.w3.org/2001/XInclude" href="redazioni/P.xml" xpointer="v_P_body">
               <xi:fallback>
                  <!--body>
                     <p>
                        <emph>FIXME: MISSING XINCLUDE CONTENT</emph>
                        Redazione P
                     </p>
                  </body-->
               </xi:fallback>
            </xi:include>
         </text>
         <text xml:id="v_R" type="redazione">
            <xi:include xmlns:xi="http://www.w3.org/2001/XInclude" href="redazioni/R.xml" xpointer="v_R_body">
               <xi:fallback>
                  <!--body>
                     <p>
                        <emph>FIXME: MISSING XINCLUDE CONTENT</emph>
                        Redazione R
                     </p>
                  </body-->
               </xi:fallback>
            </xi:include>
         </text>
         <text xml:id="v_TA" type="redazione">
            <xi:include xmlns:xi="http://www.w3.org/2001/XInclude" href="redazioni/TA.xml" xpointer="v_TA_body">
               <xi:fallback>
                  <!--body>
                     <p>
                        <emph>FIXME: MISSING XINCLUDE CONTENT</emph>
                        Redazione TA
                     </p>
                  </body-->
               </xi:fallback>
            </xi:include>
         </text>
         <text xml:id="v_TB" type="redazione">
            <xi:include xmlns:xi="http://www.w3.org/2001/XInclude" href="redazioni/TB.xml" xpointer="v_TB_body">
               <xi:fallback>
                  <!--body>
                     <p>
                        <emph>FIXME: MISSING XINCLUDE CONTENT</emph>
                        Redazione TB
                     </p>
                  </body-->
               </xi:fallback>
            </xi:include>
         </text>
         <text xml:id="v_V" type="redazione">
            <xi:include xmlns:xi="http://www.w3.org/2001/XInclude" href="redazioni/V.xml" xpointer="v_V_body">
               <xi:fallback>
                  <!--body>
                     <p>
                        <emph>FIXME: MISSING XINCLUDE CONTENT</emph>
                        Redazione V
                     </p>
                  </body-->
               </xi:fallback>
            </xi:include>
         </text>
         <text xml:id="v_VA" type="redazione">
            <xi:include xmlns:xi="http://www.w3.org/2001/XInclude" href="redazioni/VA.xml" xpointer="v_VA_body">
               <xi:fallback>
                  <!--body>
                     <p>
                        <emph>FIXME: MISSING XINCLUDE CONTENT</emph>
                        Redazione VA
                     </p>
                  </body-->
               </xi:fallback>
            </xi:include>
         </text>
         <text xml:id="v_VB" type="redazione">
            <xi:include xmlns:xi="http://www.w3.org/2001/XInclude" href="redazioni/VB.xml" xpointer="v_VB_body">
               <xi:fallback>
                  <!--body>
                     <p>
                        <emph>FIXME: MISSING XINCLUDE CONTENT</emph>
                        Redazione VB
                     </p>
                  </body-->
               </xi:fallback>
            </xi:include>
         </text>
         <text xml:id="v_Z" type="redazione">
            <xi:include xmlns:xi="http://www.w3.org/2001/XInclude" href="redazioni/Z.xml" xpointer="v_Z_body">
               <xi:fallback>
                  <!--body>
                     <p>
                        <emph>FIXME: MISSING XINCLUDE CONTENT</emph>
                        Redazione Z
                     </p>
                  </body-->
               </xi:fallback>
            </xi:include>
         </text>
      </group>
      <back>
         <!-- Apparato -->
         <xi:include xmlns:xi="http://www.w3.org/2001/XInclude" href="apparato.xml" xpointer="MP_listApp">
            <xi:fallback>
               <!--body>
                  <p>
                     <emph>FIXME: MISSING XINCLUDE CONTENT</emph>
                     Apparato
                  </p>
               </body-->
            </xi:fallback>
         </xi:include>
         <!-- Realia -->
         <xi:include xmlns:xi="http://www.w3.org/2001/XInclude" href="realia.xml" xpointer="lists">
            <xi:fallback>
               <!--body>
                  <p>
                     <emph>FIXME: MISSING XINCLUDE CONTENT</emph>
                     Realia
                  </p>
               </body-->
            </xi:fallback>
         </xi:include>
         <!-- Bibliografia -->
         <xi:include xmlns:xi="http://www.w3.org/2001/XInclude" href="bibliografia.xml" xpointer="MP_listBibl">
            <xi:fallback>
               <!--body>
                  <p>
                     <emph>FIXME: MISSING XINCLUDE CONTENT</emph>
                     Bibliografia
                  </p>
               </body-->
            </xi:fallback>
         </xi:include>
      </back>
   </text>
</TEI>
