<?xml version="1.0" encoding="UTF-8"?>
<?xml-model href="http://www.tei-c.org/release/xml/tei/custom/schema/relaxng/tei_all.rng" schematypens="http://relaxng.org/ns/structure/1.0"?>
<TEI xmlns="http://www.tei-c.org/ns/1.0">
	<teiHeader>
		<fileDesc>
			<titleStmt>
				<title>Confessiones [pseudo-edition for testing purpose]</title>
				<author>Augustine</author>
				<respStmt>
					<resp>Text Encoding by </resp>
					<name>Marjorie Burghart</name>
				</respStmt>
			</titleStmt>
			<publicationStmt>
				<publisher>Marjorie Burghart</publisher>
				<availability>
					<p>This document is being made available for demonstration and testing purposes
						only.</p>
				</availability>
			</publicationStmt>
			<sourceDesc>
				<p>The base text is the beginning of Augustines <title>Confessiones</title>, as
					found here: http://faculty.georgetown.edu/jod/latinconf/1.html. But please make
					notice that the critical apparatus is purely invented for testing purpose and
					reflects in no way the tradition of this text. This document is being made
					available for demonstration and testing purposes only.</p>
				<p/>
			</sourceDesc>
		</fileDesc>
		<encodingDesc>
			<editorialDecl>
				<p>The apparatus of this document is meant to illustrate various cases, including
					some mistakes. Details about each apparatus entry are listed in a note following
					each entry.</p>
			</editorialDecl>
			<variantEncoding method="parallel-segmentation" location="internal"/>
		</encodingDesc>
	</teiHeader>
	<text>
		<front>
			<div>
				<listWit>
					<witness xml:id="A">Manuscript A</witness>
					<listWit xml:id="group">
						<head>Example of group</head>
						<witness xml:id="B">Manuscript B</witness>
						<witness xml:id="C">Manuscript C</witness>
					</listWit>
					<witness xml:id="D">Manuscript D</witness>
					<witness xml:id="E">Manuscript E</witness>
					<witness xml:id="G">Manuscript G</witness>
				</listWit>
			</div>
		</front>
		<body>
			<div>
				<pb ed="#A" n="1r" facs="A1r.png"/>
				<pb ed="#B" n="2v" facs="B2v.png"/>
				<pb ed="#C" n="254r" facs="C254r.png"/>
				<pb ed="#D" n="128r" facs="128r.png"/>
				<pb ed="#E" n="1v" facs="E1v.png"/>
				<head>Liber I</head>

				<div>
					<head>CAPUT 1</head>
					<p>Magnus es, <hi rend="italic">domine</hi>, et laudabilis valde:
					<seg xml:id="app1-anchor">magna</seg>

						virtus
						tua, et sapientiae tuae non est numerus et laudare te vult homo, aliqua
						portio
						<seg xml:id="app2-anchor">creature tue</seg>, et homo circumferens
						<seg xml:id="app3-anchor">mortalitem</seg>
						<note>In this apparatus entry, the editor has not decided yet which lectio
							should be considered the lemma. The app contains only rdg elements. They
							are therefore displayed in a different way from the other apparatus
							entries.</note> suam, circumferens testimonium peccati sui et
						testimonium, quia superbis resistis: et tamen laudare te vult homo,
						<seg xml:id="app4-anchor">aliqua</seg>
						portio creaturae tuae. Tu excitas, ut laudare te delectet, quia fecisti nos
						ad te et inquietum est cor nostrum, donec requiescat <pb ed="#C" n="254v"/>in te. Da
						<seg xml:id="app5-anchor">mihi</seg>
						<note>A most banal apparatus entry.</note> domine, scire et
						intellegere, utrum sit prius invocare te an laudare te, et scire te prius
						sit an invocare te. sed quis te invocat nesciens te? Aliud enim
						<seg xml:id="app6-anchor">pro alio</seg>
						<note>A most banal apparatus entry.</note> potest invocare nesciens. An
						potius
						<seg xml:id="app7-anchor">invocaris</seg>
						<note>A most banal apparatus entry.</note> ut sciaris?
						<anchor xml:id="app8-start-anchor"/>In <anchor xml:id="app9-start-anchor"/>Quomodo<anchor xml:id="app8-end-anchor"/>
						Et
						laudabunt dominum qui requirunt eum. Quaerentes enim inveniunt eum et
						invenientes
						<seg xml:id="#app9-anchor">laudabant</seg>
						<note>In this apparatus entry, all the @wit have been forgotten, so there is
							no indication where to find each reading.</note> eum. Quaeram te,
						domine, invocans te, et invocem te credens in te: praedicatus enim es nobis.
						Invocat te, domine, fides mea, quam dedisti mihi, quam inspirasti mihi per
						<seg xml:id="app10-anchor">humanitatem</seg>
						<note>In this apparatus entry, I have introduced two mistakes: witness B is
							not mentioned, while witness E is mentionned two times, in the @wit of
							the lemma and of a reading.</note> filii tui, per
						<seg xml:id="app11-anchor">ministerium</seg>
						<note>A most banal apparatus entry.</note>
						<seg xml:id="app12-anchor">praedicatoris tui</seg>. <note>In this apparatus entry, the editor has not decided yet which
							lectio should be considered the lemma. The app contains only rdg
							elements. They are therefore displayed in a different way from the other
							apparatus entries. I have also introduced two mistakes: there is no
							mention of witness B, while witness C is mentioned twice.</note>
					</p>
				</div>
				<pb ed="#B" n="3r"/>
				<div>
					<head>CAPUT 2</head>
					<p>
						<seg xml:id="app13-anchor"></seg>
						Et quomodo invocabo deum meum, deum et dominum meum, quoniam utique inme
						ipsum eum invocabo, cum invocabo eum? Et quis locus est in me, quoveniat in
						me deus meus? quo deus veniat in me, deus, qui fecit caelum et terram?
						itane, domine deus meus, est quiquam in me, quod capiat te? An vero caelum
						et terra, quae fecisti et in quibus me fecisti, capiuntte? An quia sine te
						non esset <pb ed="#A" n="2r"/>
						<seg xml:id="app14-anchor"></seg>
						quidquid est, fit, ut quidquid est capiat te?
						quoniam itaque et ego sum, quid peto, ut venias in me, quinon essem, nisi
						esses in me?
						<seg xml:id="app15-anchor"></seg>
						Non enim <pb ed="#C" n="255r"/>ego iam in
						<seg xml:id="app16-anchor">inferis</seg>,<note>A most banal apparatus entry</note> et tamen etiam ibi es. Nam
						etsi descendero in infernum, ades. non ergo essem, deus meus, non omnino
						essem, nisi esses in me. An potius non essem, nisi essem in te, ex quo
						omnia, per quem omnia, in quo omnia?
						<seg xml:id="app17-anchor"></seg>						
						<note>A lacuna in witness C starts here.</note>

						Etiam sic, domine, etiam sic. quo te
						<seg xml:id="app18-anchor"></seg>
						invoco, cum in te sim? aut unde venias in me?
						<seg xml:id="app19-anchor">Quo</seg>
						<note>A most banal apparatus entry. Note that since this entry occurs within a lacuna in witness C, this witness is not mentioned in this entry, and this is not an error.</note> enim recedam extra caelum et
						terram, ut inde in me veniat deus meus, qui dixit: caelum et terram ego
						impleo?</p>
				</div>
				<pb ed="#B" n="3v"/>
				<div>
					<head>CAPUT 3</head>
					<p>Capiunt ergone te caelum </p>
					<p>et terra, quoniam tu imples ea? An imples et restat,
						quoniam non te capiunt? et quo refundis quidquid impleto caeloet terra <pb ed="#A" n="2v"/> restat ex te? An non opus habes, ut quoquam
						continearis, qui contines omnia, quoniam quae imples continendo
						<seg xml:id="app20-anchor">imples</seg>
						?

						<note>In this apparatus entry, the lemma bears no @wit. This is a
							perfectly acceptable form of encoding, implying that all witnesses not
							listed in the rdg bear by default the reading of the lemma. But since in
							this document the apparatus is elsewhere recorded in a "positive"
							fashion, listing each reading of each manuscript explicitly, it might be
							useful to point out that this entry does not follow the same practice,
							which could be a mistake in the context.</note> Non enim vasa, quae te
						plena sunt, stabilem te faciunt, quia etsi frangantur non effunderis. Et cum
						effunderis super nos, non tu iaces, sed erigis nos, nec <pb ed="#C" n="255v"/>tu dissiparis, sed colligis nos. sed quae imples omnia, te toto imples
						omnia. An quia non possunt te totum capere omnia, partem tui capiunt et
						eandem partem simul omnia capiunt?
						An singulas singula et maiores maiora,
						minores
						<seg xml:id="app21-anchor">minora</seg>
						<note>A most banal apparatus entry</note> capiunt? Ergo est aliqua pars tua
						maior, aliqua minor? An ubique totus es et res nulla te totum capit?
						<seg xml:id="app22-anchor"></seg>
						<note>A lacuna in witness C ends here.</note>
					</p>
				</div>
			</div>
		</body>
		<back>
			<listApp>
				<app resp="m1" from="#app1-anchor">
					<lem wit="#A">magna</lem>							
					<rdgGrp type="orthographic">
						<rdg wit="#B" hand="user1">magma</rdg>
						<rdg wit="#E">maga</rdg>
					</rdgGrp>
					<rdgGrp type="lessicographic">
						<rdg wit="#C">laudabilis</rdg>
						<rdg wit="#D" type="orthographic">laudablis</rdg>
					</rdgGrp>
					<note>In this apparatus entry...</note>
				</app>
				<app from="#app2-anchor">
					<lem>creature tue</lem>
					<rdg wit="#A">creatr ae tuae</rdg>
					<rdg wit="B" cause="unknown" hand="user1">creaturas <del>tuas</del></rdg>
					<rdg wit="#E #C #D">creaturarum tuarum</rdg>
					<note>This is a note</note>
				</app>
				<app resp="CDP" cert="high" from="#app3-anchor">
					<lem wit="#A #B #C" cert="high" resp="CDP" hand="user1">mortalitem</lem>
					<rdg wit="#D #E" type="lessicographic">fragilitatem</rdg>
				</app>
				<app xml:id="app001" from="#app4-anchor">
					<lem wit="#B #E" xml:id="app001_lem">aliqua</lem>
					<rdg wit="#A #C" hand="user1">aliquando</rdg>
					<rdg wit="#D" xml:id="app001_rdg2">aliquo</rdg>
					<note>This is a note inside the apparatus</note>
				</app>
				<app from="#app5-anchor">
					<lem wit="#A #D">mihi</lem>
					<rdg wit="#group" type="lessicographic">nobis</rdg>
					<rdg wit="#E" type="omiss"/>
				</app>
				<app from="#app6-anchor">
					<lem wit="#A #D #E">pro alio</lem>
					<rdg wit="#B #C" type="omiss"/>
				</app>
				<app from="#app7-anchor">
					<lem wit="#A #group #E">invocaris</lem>
					<rdg wit="#D">invocatis</rdg>
				</app>
				<app from="#app8-start-anchor" to="#app8-end-anchor">
					<lem wit="#A #B #C #D" >
						In
								<app from="#app9-start-anchor" to="#app8-end-anchor">
									<lem wit="#C">Quomodo</lem>
									<rdg wit="#B">Qui</rdg>
									<rdg wit="#D">Qua</rdg>
									<rdg wit="#A" type="orthographic"><del>Quando</del></rdg>
									<note>This apparatus entry is nested within the lemma of another apparatus entry.</note>
								</app>
								autem invocabunt,
							in quem non crediderunt? Aut quomodo credent sine praedicante?
					</lem>
					<rdg wit="#E"/>
					<note>This apparatus entry contains another apparatus entry.</note>
				</app>
				<app from="#app9-anchor">
					<lem>laudabunt</lem>
					<rdg>laudabant</rdg>
				</app>
				<app from="#app10-anchor">
					<lem wit="#E">humanitatem</lem>
					<rdg wit="#A #group #D">humilitatem</rdg>
				</app>
				<app from="#app11-anchor">
					<lem wit="#A #B #C">ministerium</lem>
					<rdg wit="#D #E">mysterium</rdg>
				</app>
				<app from="#app12-anchor">
					<lem wit="#A #B" resp="editor1" cert="high">praedicatoris tui</lem>
					<rdg wit="#C #D #E">praedicatorum tuorum</rdg>
					<rdg wit="#G"><witStart />praedicatorum tuorum</rdg>
				</app>
				<app from="#app13-anchor">
					<lem wit="#A #B #D #E"/>
					<rdg wit="#C"><lacunaStart wit="#C"/></rdg>
				</app>
				<app from="#app14-anchor">
					<lem wit="#A #B #D"/>
					<rdg wit="#E"><lacunaStart/></rdg>
				</app>
				<app from="#app15-anchor">
					<lem wit="#A #B #D #E"/>
					<rdg wit="#C"><lacunaEnd/></rdg>
				</app>
				<app from="#app16-anchor">
					<lem wit="#C #D #E">inferis</lem>
					<rdg wit="#A #B">infernis</rdg>
					<rdg wit="#G">infernis <witEnd/></rdg>
				</app>
				<app from="#app17-anchor">
					<lem wit="#A #B #D #E"/>
					<rdg wit="#C"><lacunaStart/></rdg>
				</app>
				<app from="#app18-anchor">
					<lem wit="#A #B #D"/>
					<rdg wit="#E"><lacunaEnd/></rdg>
				</app>
				<app from="#app19-anchor">
					<lem wit="#A #B #D">Quo</lem>
					<rdg wit="#E" type="orthographic">Quomodo</rdg>
				</app>
				<app from="#app20-anchor">
					<lem>imples</lem>
					<rdg wit="#E #G "><witStart wit="#G"/>implebis</rdg>
				</app>
				<app from="#app21-anchor">
					<lem wit="#A #E" type="lessicographic">minora</lem>
					<rdg wit="#B" type="lessicographic"><del>maio</del> maiora</rdg>
					<rdg wit="#G #D">maiora<witEnd wit="#G"/></rdg>
				</app>
				<app from="#app22-anchor">
					<lem wit="#A #B #D #E"/>
					<rdg wit="#C"><lacunaEnd/></rdg>
				</app>
			</listApp>
		</back>
	</text>
</TEI>
