<?xml version="1.0" encoding="UTF-8"?>
<?xml-model href="http://www.tei-c.org/release/xml/tei/custom/schema/relaxng/tei_all.rng" type="application/xml" schematypens="http://relaxng.org/ns/structure/1.0"?>
<?xml-model href="http://www.tei-c.org/release/xml/tei/custom/schema/relaxng/tei_all.rng" type="application/xml"
	schematypens="http://purl.oclc.org/dsdl/schematron"?>
<TEI xmlns="http://www.tei-c.org/ns/1.0">
   <teiHeader>
      <fileDesc>
         <titleStmt>
            <title>Kc</title>
            <respStmt>
               <resp>Edited by</resp>
               <name xml:id="eugenio">Eugenio Burgio</name>
               <name xml:id="samuela">Samuela Simion</name>
            </respStmt>
            <respStmt>
               <resp>Text modelling and encoding by</resp>
               <name xml:id="elisa">Elisa Cugliana</name>
            </respStmt>
            <respStmt>
               <resp>Collaboration to the encoding by</resp>
               <name ref="#samuela">Samuela Simion</name>
               <name xml:id="silvia">Silvia Marsili</name>
            </respStmt>
            <respStmt>
               <resp>Software developing by</resp>
               <name xml:id="chiara">Chiara Martignano</name>
            </respStmt>
            <respStmt>
               <resp>Project coordination by</resp>
               <name xml:id="marina">Marina Buzzoni</name>
               <name ref="#eugenio">Eugenio Burgio</name>
            </respStmt>
         </titleStmt>
         <publicationStmt>
            <p>Publication Information</p>
         </publicationStmt>
         <sourceDesc>
            <p>Information about the source</p>
         </sourceDesc>
      </fileDesc>
   </teiHeader>
   <text>
      <body xml:id="v_Kc_body" xml:lang="sp">
         <div type="chapter" n="35" xml:id="c105_Kc35" corresp="#c105_tr105">
            <p n="1" xml:id="c105_Kc35_par1">
               <hi rend="bold">#35</hi><lb/><seg n="1" xml:id="c105_Kc35_p1">Sapiatz que lo senyor
                     <persName ref="#cublai">Cupleycham</persName> envià per missatge seu lo dit
                     <persName ref="#marcoPolo">Macho Pollo</persName>, lo qual se partí de
                     <placeName>Gambalech</placeName> e anà a <term>ponent</term> e cavalcà per ses
                  jornades bé IIII meses caminans. E ço que él viu en aquest camí vos
                  comptarà.</seg>
               <seg n="1" xml:id="c105_Kc35_p2">Cant fo partit de la ciutat de
                     <placeName>Gambalech</placeName> cavalcan X <term>legües</term> per
                     <term>ponent</term>, trobà un gran flum qui s’apella <placeName>Puilli
                     Sangui</placeName>, lo qual va en la <placeName>mar Occeana</placeName>. E per
                  lo dit flum passen moltz vexels ab mercaderies a les illes
                     d’<placeName>India</placeName>. E ha gran quantitat de nevelis, pochs e
                  gran.</seg>
               <seg n="1" xml:id="c105_Kc35_p3">E en aquest flum à un pont bell e gran de pedre, e
                  ha de lonch CCC paces. E ha XXIIII voutes qui són sobre grans corones de marbre, e
                  és la un‹a› corona prés l’autre una gran pessa. E de totez partz ha viles e
                  castels, so és en les encontrades del dit pont.</seg>
               <seg n="1" xml:id="c105_Kc35_p4">E partent del dit pont cavalcant XXX
                     <term>leugues</term> per <term>ponent</term>, troba hom beles albergueries
                  que·l seyor à fetes fer a servey de sos missatges con los tramet per aqueles
                  partz; e aquest camí és ple de beles vinyes. E aprés, troba hom una bella ciutat
                  qui ss’apela <placeName ref="#giugiu">Guingui</placeName>, qui és nobla e
                  richa.</seg>
               <seg n="1" xml:id="c105_Kc35_p5">E fan s’i gran quantitatz de <term>draps</term>
                     d’<term>or</term> e de <term>seda</term>, ops de la cort del seyor. E à y moltz
                  hostals per les viandes que y arriben aquí de diverses lochs a hobs de la cort del
                  senyor. ‹Et aquí hi à› moltes abadies de lurs <term ref="#ydres"
                  >ýdoles</term>.</seg>
               <seg n="1" xml:id="c105_Kc35_p6">E con nós partim d’aquesta ciutat e aguem cavalcades
                  dos <term>leugues</term>, ‹trobam› II camís: per la un va hom al
                     <term>ponent</term>, e per l’autra a <term>xaloch</term>.</seg>
               <seg n="1" xml:id="c105_Kc35_p7">Al cal del <term>ponent</term> va del
                     <placeName>Catay</placeName>, e aquel de <term>xaloch</term> va a la província
                  del <placeName>Mangui</placeName>, la qual és molt gran província.</seg>
               <seg n="1" xml:id="c105_Kc35_p8">E seguín lo camí del <term>ponent</term>, cavalca
                  hom X jornades, troba hom ciutatz, viles e castels bé abitats, e moltes vies so és
                  moltz camins e vies e lochs delitables, e pratz e gens domèstigues.</seg>
               <seg n="1" xml:id="c105_Kc35_p9">E al cap d’aquestes X jornades, troba hom un reyalme
                  qui s’apela <placeName ref="#taianfu">Canianffu</placeName>.</seg></p>
         </div>
      </body>
   </text>
</TEI>
