<?xml version="1.0" encoding="UTF-8"?>
<?xml-model href="http://www.tei-c.org/release/xml/tei/custom/schema/relaxng/tei_all.rng" type="application/xml" schematypens="http://relaxng.org/ns/structure/1.0"?>
<?xml-model href="http://www.tei-c.org/release/xml/tei/custom/schema/relaxng/tei_all.rng" type="application/xml"
	schematypens="http://purl.oclc.org/dsdl/schematron"?>
<TEI xmlns="http://www.tei-c.org/ns/1.0">
   <teiHeader>
      <fileDesc>
         <titleStmt>
            <title>L</title>
            <respStmt>
               <resp>Edited by</resp>
               <name xml:id="eugenio">Eugenio Burgio</name>
               <name xml:id="samuela">Samuela Simion</name>
            </respStmt>
            <respStmt>
               <resp>Text modelling and encoding by</resp>
               <name xml:id="elisa">Elisa Cugliana</name>
            </respStmt>
            <respStmt>
               <resp>Collaboration to the encoding by</resp>
               <name ref="#samuela">Samuela Simion</name>
               <name xml:id="silvia">Silvia Marsili</name>
            </respStmt>
            <respStmt>
               <resp>Software developing by</resp>
               <name xml:id="chiara">Chiara Martignano</name>
            </respStmt>
            <respStmt>
               <resp>Project coordination by</resp>
               <name xml:id="marina">Marina Buzzoni</name>
               <name ref="#eugenio">Eugenio Burgio</name>
            </respStmt>
         </titleStmt>
         <publicationStmt>
            <p>Publication Information</p>
         </publicationStmt>
         <sourceDesc>
            <p>Information about the source</p>
         </sourceDesc>
      </fileDesc>
   </teiHeader>
   <text>
      <body xml:id="v_L_body" xml:lang="la">
         
         <div type="chapter" xml:id="c0_L1" n="0" corresp="#c0_tr0">
            <head><hi rend="bold">#0</hi><lb/>|2| Incipit prologus libri qui vulgari hominum dicitur <term
                  ref="#">Elmeliole</term>.</head>
            <p xml:id="c0_L1_par1" n="1">
               <seg xml:id="c0_L1_p1" n="1">Nobilis et discretus vir <persName ref="#">Marcus
                  Paulo</persName> de <placeName ref="#">Venetiis</placeName>, cum .26. annis continuis
                  in partibus <placeName ref="#">Maioris Asye</placeName> permansisset, diversas valde et
                  longinquas perambulando provincias, tanti beneficii non ingratus, diversos hominum mores
                  mirandaque multa que vidit et audivit eciam reliquis comunicare disposuit. </seg>
               <seg xml:id="c0_L1_p2" n="2"> Ut autem que dicenda sunt ordinatius procedant facilioremque
                  habeant intellectum, transitus eius ad partes illas reditusque ad propria ystorialiter
                  proponetur.</seg>
            </p>
         </div>
         <div type="chapter" n="85" xml:id="c105_L85" corresp="#c105_tr105">
            <head><hi rend="bold">#85</hi><lb/>De civitate Giogiu.</head>
            <p n="1" xml:id="c105_L85_par1"><seg n="1" xml:id="c105_L85_p1">Ultra hunc pontem versus
                     <term>occidens</term> .XXX. <term ref="#mil">miliaribus</term> est civitas
                     <placeName ref="#giugiu">Giogiu</placeName>, magna et pulcra.</seg>
               <seg n="2" xml:id="c105_L85_p2">Gentes sunt <term ref="#ydres">ydolatre</term>,
                  mercatores et artiste; nam hic laborantur <term>panni</term> multi aurei, et de
                     <term>seta</term> et <term>çendati</term>.</seg>
               <seg n="3" xml:id="c105_L85_p3">Et ultra civitatem per <term ref="#mil"
                     >miliare</term> unum, bifurcatur via. Una enim tendit versus
                     <term>syroch</term>, qua itur ad magnam provinciam de
                     <placeName>Mangi</placeName>; alia vero tendit versus <term>occidens</term>,
                  qua itur versus provinciam de <placeName>Chatay</placeName> bene .X. dietis versus
                     <term>occidens</term>, continue per pulcras civitates et domestica loca, et per
                  pulcros agros et vineas.</seg>
            </p>
         </div>
         <div type="chapter" n="86" xml:id="c106_L86" corresp="#c106_tr106">
            <p><hi rend="bold">#86</hi><lb/></p>
         </div>
      </body>
   </text>
</TEI>
