<?xml version="1.0" encoding="UTF-8"?>
<?xml-model href="http://www.tei-c.org/release/xml/tei/custom/schema/relaxng/tei_all.rng" type="application/xml" schematypens="http://relaxng.org/ns/structure/1.0"?>
<?xml-model href="http://www.tei-c.org/release/xml/tei/custom/schema/relaxng/tei_all.rng" type="application/xml"
	schematypens="http://purl.oclc.org/dsdl/schematron"?>
<TEI xmlns="http://www.tei-c.org/ns/1.0">
   <teiHeader>
      <fileDesc>
         <titleStmt>
            <title>V</title>
            <respStmt>
               <resp>Edited by</resp>
               <name xml:id="eugenio">Eugenio Burgio</name>
               <name xml:id="samuela">Samuela Simion</name>
            </respStmt>
            <respStmt>
               <resp>Text modelling and encoding by</resp>
               <name xml:id="elisa">Elisa Cugliana</name>
            </respStmt>
            <respStmt>
               <resp>Collaboration to the encoding by</resp>
               <name ref="#samuela">Samuela Simion</name>
               <name xml:id="silvia">Silvia Marsili</name>
            </respStmt>
            <respStmt>
               <resp>Software developing by</resp>
               <name xml:id="chiara">Chiara Martignano</name>
            </respStmt>
            <respStmt>
               <resp>Project coordination by</resp>
               <name xml:id="marina">Marina Buzzoni</name>
               <name ref="#eugenio">Eugenio Burgio</name>
            </respStmt>
         </titleStmt>
         <publicationStmt>
            <p>Publication Information</p>
         </publicationStmt>
         <sourceDesc>
            <p>Information about the source</p>
         </sourceDesc>
      </fileDesc>
   </teiHeader>
   <text>
      <body xml:id="v_V_body" xml:lang="it">
         
         <div type="chapter" xml:id="c0_V1" n="1" corresp="#c0_tr0">
               <head><hi rend="bold">#1</hi><lb/>|3r| Qui chomenza il prologo del libro chiamado dela instizione del mondo.</head>
            <p n="1" xml:id="c0_V1_par1">
               <seg xml:id="c0_V1_p1" n="1">‹O› vui, signori inperadori, duchi, marchexi, chonti e
                  chavalieri, et tuta zente qualle volete intender e chonosser le diversse gienerazione
                  deli omeni e dele diversitade de diverse gienerazione del mondo, lezete questo libro, in
                  lo qual troverete de grandinissimi miracholi e diversitade del’<placeName ref="#">Ermenia
                     Mazore</placeName>, de <placeName ref="#">Persia</placeName> e de <placeName ref="#"
                        >Tartaria</placeName> e de molte altre provinzie, segondo chomo nara el predeto
                  libro, et avertamente ve chonterà chomo misier <persName ref="#">Marcho Polo</persName>,
                  zitadin de <placeName ref="#">Veniexia</placeName>, queste tal chosse chon li suo’ ochi
                  et orechie vete et aldì da homeni degni de fede, sì che in questo quele chosse ch’el
                  dito vete meteremo chomo chosse vedude, et quele che lui aldì chomo chosse aldide, adziò
                  ch’el nostro libro sia chonsonante ad zaschun che oldirà hover lezerà; sì che ognuno li
                  darà fede. </seg>
               <seg xml:id="c0_V1_p2" n="2">Et sapié che dal tempo che Dio chreò Adam ed Eva, qual fo el
                  primo homo al mondo, fina al prexente, non fo mai algun <persName ref="#"
                     >christian</persName>, <persName ref="#">Saraxin</persName>, <persName ref="#"
                        >Tartaro</persName>, <persName ref="#">Indian</persName>, over homo de alguna
                  gienerazione, el qual chotanto tempo zerchasse le diverse parte del mondo et vedesse
                  tante chosse chomo fexe missier <persName ref="#">Marcho Polo</persName> predito. </seg>
               <seg xml:id="c0_V1_p3" n="3">Onde el dito diterminò di meter tuto quelo ch’el avea visto e
                  aldido in schritura, adziò che la zente che non à vezudo né sapudo per questo libro
                  possa saver. </seg> 
               <seg xml:id="c0_V1_p4" n="4"> Et dicho ch’el dito missier <persName ref="#">Marcho</persName>
                  |3<persName ref="#">v|</persName>
                  <persName ref="#">Polo</persName> stete in queste diversse parte et provinzie vintisie
                  ani, e questo per poder saver queste tal chosse; lo qual, siando destegnudo in charzere
                  de’ <persName ref="#">Zenovessi</persName>, tute ’ste chosse feze schriver per misier
                  <persName ref="#">Reustregielo</persName> zitadin de <placeName ref="#"
                     >Pixa</placeName>, lo qual era nela dita prixone chon el dito misie’ <persName
                        ref="#">Marcho Polo</persName>. </seg>
               <seg xml:id="c0_V1_p5" n="5"> Et fo schrito le dite chosse nel’ano del Nostro Signor Iexu
                  Christo milleduxento e nonantanuove. </seg>
            </p>
         </div>
         
         
         <div type="chapter" n="50" xml:id="c105_V50" corresp="#c105_tr105">
            <head><hi rend="bold">#50</hi><lb/>Qui chomenza dela gran provinzia del <placeName>Chataio</placeName>, e
               primieramente del flume <placeName>Palisangin</placeName>.</head>
            <p n="1" xml:id="c105_V50_par1"><seg n="1" xml:id="c105_V50_p1">‹O›r sapiate che ’l
                     <persName type="appellation" ref="#cublai">Gran Signor</persName> mandò per
                  anbassador missier <persName ref="#marcoPolo">Marcho Polo</persName> inverso
                     <term>ponente</term>, onde nui nareremo tuto quello ch’el vete in quel chamino,
                  andando e tornando.</seg>
               <seg n="2" xml:id="c105_V50_p2">Or quando el se desparte dela zitade sopradita et
                  abiasse chaminado diexe mia, el se trova uno flume chiamato
                     <placeName>Palisangin</placeName>, el qual flume vano infina el <placeName>Mar
                     Ozian</placeName>; et per quello el vano molti marchadanti chon le suo’
                  marchadantie.</seg>
               <seg n="3" xml:id="c105_V50_p3">Et sopra questo flume el ne sono uno ponte de pietra
                  molto bello, che pochi ne sono al mondo sì beli; la longeza de quello sono
                  trexento passa, e la largeza nuove pasa; et pu‹o›no andar per quello diexe
                  chavalieri l’uno apresso l’altro; et el dito ponte àno vintiquatro archi e
                  vintiquatro moreli in l’aqua; et sono tuto de malmoro et molto artifiziado.</seg>
               <seg n="4" xml:id="c105_V50_p4">Et da uno ladi al’altro sono uno ponte armato di tole
                  de malmoro chomo io ve narerò: el sono in chavo del ponte una chollona de marmoro,
                  et soto la cholona sono uno lion de marmoro et de sopra ne sono un altro plu
                  grando, molto degnamente fato.</seg>
               <seg n="5" xml:id="c105_V50_p5">Et lonzi dala cholona uno passo e mezo son un’altra
                  chollona chussì fata, chon do lioni; da una chollona al’altra sono serado chon
                  tolle de marmaro, azò che la zente non possa chazer in aqua, et sono chussì fato
                  infina in chavo, la qual sono una nobel chossa da veder.</seg>
               <seg n="6" xml:id="c105_V50_p6">Et quando el se parte da questo ponte el se vano
                  trenta <term ref="#mil">mia</term> per <term>ponente</term> trovando
                  chontinuamente erbe, vigne e chanpi; et trovasse una zitade chiamata <placeName
                     ref="#giugiu">Chuigion</placeName>, granda e bela, in la qual sono molte abadie
                  de <term ref="#ydres">idole</term> a modo de orti.</seg>
               <seg n="7" xml:id="c105_V50_p7">Et in quella se lavora <term>drapi</term> de
                     <term>seda</term> e de <term>zendado</term>; et in quello luogo sono de beli
                  albergi ‹e› de hostarie, in le qual si alberga homeni viandanti.</seg>
               <seg n="8" xml:id="c105_V50_p8">Et quando el se desparte da questa zitade et andado
                  uno <term ref="#mil">mio</term>, el se trova do vie, una dele qual vano a
                     <term>ponente</term> e l’altra a <term>sirocho</term>: et per quela de
                     <term>ponente</term> se va al <placeName>Chataio</placeName>, e quella de
                     <term>sirocho</term> se va ala provinzia
                  d’<placeName>Anangon</placeName>.</seg>
               <seg n="9" xml:id="c105_V50_p9">Et sapié chi chavalcha per <term>ponente</term> per
                  la provinzia del <placeName>Chataio</placeName> ben diexe zornade senpre va
                  trovando belle zità e chastelli, che in quelle sono de gran marchadantie, ed ezian
                  vigne e chanpi, et spesega molta zente.</seg>
               <seg n="10" xml:id="c105_V50_p10">Or in questo luogo non sono chosse da dir, et
                  inperzò non diremo, ma diremo de altre chosse.</seg>
            </p>
         </div>
      </body>
   </text>
</TEI>
