<?xml version="1.0" encoding="UTF-8"?>
<?xml-model href="http://www.tei-c.org/release/xml/tei/custom/schema/relaxng/tei_all.rng" type="application/xml" schematypens="http://relaxng.org/ns/structure/1.0"?>
<?xml-model href="http://www.tei-c.org/release/xml/tei/custom/schema/relaxng/tei_all.rng" type="application/xml"
	schematypens="http://purl.oclc.org/dsdl/schematron"?>
<TEI xmlns="http://www.tei-c.org/ns/1.0">
  <teiHeader>
      <fileDesc>
         <titleStmt>
            <title>Apparatus</title>
         </titleStmt>
         <publicationStmt>
            <p>Publication Information</p>
         </publicationStmt>
         <sourceDesc>
            <p>Information about the source</p>
         </sourceDesc>
      </fileDesc>
  </teiHeader>
  <text>
      <body>
         <listApp xml:id="DI_listApp">
            <app from="#cgm696_ch1">
               <note>Prova</note>
            </app>
         </listApp>
      </body>
  </text>
</TEI>
