<?xml version="1.0" encoding="UTF-8"?>
<?xml-model href="http://www.tei-c.org/release/xml/tei/custom/schema/relaxng/tei_all.rng" type="application/xml" schematypens="http://relaxng.org/ns/structure/1.0"?>
<?xml-model href="http://www.tei-c.org/release/xml/tei/custom/schema/relaxng/tei_all.rng" type="application/xml"
	schematypens="http://purl.oclc.org/dsdl/schematron"?>
<TEI xmlns="http://www.tei-c.org/ns/1.0">
   <teiHeader>
      <fileDesc>
         <titleStmt>
            <title>Version DI of the 'Devisement dou Monde'</title>
            <respStmt>
               <resp>Edited by</resp>
               <name xml:id="elisa">Elisa Cugliana</name>
            </respStmt>
            <respStmt>
               <resp>Text encoding by</resp>
               <name ref="#elisa">Elisa Cugliana</name>
            </respStmt>
            <respStmt>
               <resp>EVT's expansion by</resp>
               <name xml:id="chiara">Chiara Martignano</name>
            </respStmt>
         </titleStmt>
         <publicationStmt>
            <p>Publication Information</p>
         </publicationStmt>
         <sourceDesc>
            <listWit>
               <witness xml:id="cgm252" corresp="#v_cgm252"></witness>
               <witness xml:id="inc77" corresp="#v_inc77"></witness>
            </listWit>
         </sourceDesc>
      </fileDesc>
      <encodingDesc>
         <variantEncoding method="double-end-point" location="external"/>
      </encodingDesc>
   </teiHeader>
   <text>
      <xi:include xmlns:xi="http://www.w3.org/2001/XInclude" href="intro.xml" xpointer="intro_front">
         <xi:fallback>
            <!--front>
               <p>
                  <emph>FIXME: MISSING XINCLUDE CONTENT</emph>
                  Introduction
               </p>               
            </front-->
         </xi:fallback>
      </xi:include>
      <group>
         <!-- Testo principale -->
         <text xml:id="v_cgm696" type="base_text">
            <xi:include xmlns:xi="http://www.w3.org/2001/XInclude" href="cgm696.xml" xpointer="cgm696_body">
               <xi:fallback>
                  <!--body>
                     <p>
                        <emph>FIXME: MISSING XINCLUDE CONTENT</emph>
                        cgm 696
                     </p>
                  </body-->
               </xi:fallback>
            </xi:include>
         </text>
         <!-- Redazioni -->
         <text xml:id="v_inc77" type="redazione">
            <xi:include xmlns:xi="http://www.w3.org/2001/XInclude" href="redazioni/inc77.xml" xpointer="inc77_body">
               <xi:fallback>
                  <!--body>
                     <p>
                        <emph>FIXME: MISSING XINCLUDE CONTENT</emph>
                        Incunabulum (1477)
                     </p>
                  </body-->
               </xi:fallback>
            </xi:include>
         </text>
         <text xml:id="v_cgm252" type="redazione">
            <xi:include xmlns:xi="http://www.w3.org/2001/XInclude" href="redazioni/cgm252.xml" xpointer="cgm252_body">
               <xi:fallback>
                  <!--body>
                     <p>
                        <emph>FIXME: MISSING XINCLUDE CONTENT</emph>
                        cgm 252
                     </p>
                  </body-->
               </xi:fallback>
            </xi:include>
         </text>
      </group>
      <back>
         <!-- Apparato -->
         <!--xi:include xmlns:xi="http://www.w3.org/2001/XInclude" href="appDI.xml" xpointer="DI_listApp">
            <xi:fallback>
               <body>
                  <p>
                     <emph>FIXME: MISSING XINCLUDE CONTENT</emph>
                     Apparato
                  </p>
               </body>
            </xi:fallback>
         </xi:include-->
         <!-- Realia -->
         <xi:include xmlns:xi="http://www.w3.org/2001/XInclude" href="realiaDI.xml" xpointer="lists">
            <xi:fallback>
               <!--body>
                  <p>
                     <emph>FIXME: MISSING XINCLUDE CONTENT</emph>
                     Realia
                  </p>
               </body-->
            </xi:fallback>
         </xi:include>

      </back>
   </text>
</TEI>
